Workbook

Sheet cotizaciones
A1: doc | B1: pedido | C1: fecha | D1: id_cliente | E1: cliente | F1: dcto | G1: vta_bruta | H1: venta_neta | I1: iva | J1: otros_imp | K1: total
A2: CZ BOG 2600087 | B2: =+IFERROR(VLOOKUP(A2,pedidos!$A$1:$L$30,2,FALSE),"") | C2: 46078 | D2: 800251165 | E2: CIA FERRETERA DE ANJEOS Y MALLAS LTDA | F2: 0 | G2: 308700000 | H2: 308700000 | I2: 58653000 | J2: 0 | K2: 367353000
A3: CZ BOG 2600006 | B3: =+IFERROR(VLOOKUP(A3,pedidos!$A$1:$L$30,2,FALSE),"") -> PD BOG 26000004 | C3: 46035 | D3: 8002511655 | E3: CIA FERRETERA DE ANJEOS Y MALLAS LTDA | F3: 0 | G3: 3250000 | H3: 3250000 | I3: 617500 | J3: 0 | K3: 3867500
A4: CZ BOG 2600244 | B4: =+IFERROR(VLOOKUP(A4,pedidos!$A$1:$L$30,2,FALSE),"") | C4: 46154 | D4: 8002511655 | E4: CIA FERRETERA DE ANJEOS Y MALLAS LTDA | F4: 0 | G4: 155724300 | H4: 155724300 | I4: 29587617 | J4: 0 | K4: 185311917
A5: CZ BOG 2600093 | B5: =+IFERROR(VLOOKUP(A5,pedidos!$A$1:$L$30,2,FALSE),"") | C5: 46080 | D5: 900260920 | E5: DIGIFIX LTDA | F5: 0 | G5: 137309800 | H5: 137309800 | I5: 26088862 | J5: 0 | K5: 163398662
A6: CZ BOG 2600182 | B6: =+IFERROR(VLOOKUP(A6,pedidos!$A$1:$L$30,2,FALSE),"") | C6: 46132 | D6: 8002511655 | E6: CIA FERRETERA DE ANJEOS Y MALLAS LTDA | F6: 0 | G6: 93364750 | H6: 93364750 | I6: 17739302 | J6: 0 | K6: 1.1110405e+08
A7: CZ BOG 2600181 | B7: =+IFERROR(VLOOKUP(A7,pedidos!$A$1:$L$30,2,FALSE),"") | C7: 46132 | D7: 8002511655 | E7: CIA FERRETERA DE ANJEOS Y MALLAS LTDA | F7: 0 | G7: 91704000 | H7: 91704000 | I7: 17423760 | J7: 0 | K7: 109127760
A8: CZ BOG 2600265 | B8: =+IFERROR(VLOOKUP(A8,pedidos!$A$1:$L$30,2,FALSE),"") | C8: 46162 | D8: 900181825 | E8: HD MOVIMIENTO SAS | F8: 0 | G8: 86224300 | H8: 86224300 | I8: 16382617 | J8: 0 | K8: 102606917
A9: CZ BOG 2600278 | B9: =+IFERROR(VLOOKUP(A9,pedidos!$A$1:$L$30,2,FALSE),"") | C9: 46163 | D9: 79340110 | E9: GUILLERMO GAMBA RUIZ | F9: 0 | G9: 85314300 | H9: 85314300 | I9: 16209717 | J9: 0 | K9: 101524017
A10: CZ BOG 2600011 | B10: =+IFERROR(VLOOKUP(A10,pedidos!$A$1:$L$30,2,FALSE),"") | C10: 46035 | D10: 901359175 | E10: OGGUN INGENIERIA COLOMBIA S.A.S. | F10: 0 | G10: 79043200 | H10: 79043200 | I10: 15018208 | J10: 0 | K10: 94061408
A11: CZ BOG 2600015 | B11: =+IFERROR(VLOOKUP(A11,pedidos!$A$1:$L$30,2,FALSE),"") -> PD BOG 26000007 | C11: 46038 | D11: 98400339 | E11: IVAN ALEXANDER LOZANO ORDOÑEZ | F11: 0 | G11: 51102000 | H11: 51102000 | I11: 9709380 | J11: 0 | K11: 60811380
A12: CZ BOG 2600020 | B12: =+IFERROR(VLOOKUP(A12,pedidos!$A$1:$L$30,2,FALSE),"") -> PD BOG 26000009 | C12: 46045 | D12: 1061801203 | E12: ADRIAN EDUARDO ESCOBEDO FERNANDEZ | F12: 0 | G12: 2445600 | H12: 2445600 | I12: 464664 | J12: 0 | K12: 2910264
A13: CZ BOG 2600280 | B13: =+IFERROR(VLOOKUP(A13,pedidos!$A$1:$L$30,2,FALSE),"") | C13: 46163 | D13: 79340110 | E13: GUILLERMO GAMBA RUIZ | F13: 0 | G13: 77658000 | H13: 77658000 | I13: 14755020 | J13: 0 | K13: 92413020
... A70: CZ BOG 2600012 | B70: =+IFERROR(VLOOKUP(A70,pedidos!$A$1:$L$30,2,FALSE),"") | C70: 46036 | D70: 8002511655 | E70: CIA FERRETERA DE ANJEOS Y MALLAS LTDA | F70: 0 | G70: 6080300 | H70: 6080300 | I70: 537757 | J70: 0 | K70: 6618057
A71: CZ BOG 2600274 | B71: =+IFERROR(VLOOKUP(A71,pedidos!$A$1:$L$30,2,FALSE),"") | C71: 46163 | D71: J-29730621-8 | E71: TORNILLOS Y ACERO, C.A. | F71: 0 | G71: 5600000 | H71: 5600000 | I71: 1064000 | J71: 0 | K71: 6664000
A72: CZ BOG 2600254 | B72: =+IFERROR(VLOOKUP(A72,pedidos!$A$1:$L$30,2,FALSE),"") | C72: 46157 | D72: 79278768 | E72: RICARDO ALBERTO GUZMAN AGUILERA | F72: 0 | G72: 5085000 | H72: 5085000 | I72: 966150 | J72: 0 | K72: 6051150
A73: CZ BOG 2600121 | B73: =+IFERROR(VLOOKUP(A73,pedidos!$A$1:$L$30,2,FALSE),"") | C73: 46091 | D73: 1032357503 | E73: MARTHA MILENA AVILA FERREIRA | F73: 0 | G73: 4511500 | H73: 4511500 | I73: 857185 | J73: 0 | K73: 5368685
A74: CZ BOG 2600251 | B74: =+IFERROR(VLOOKUP(A74,pedidos!$A$1:$L$30,2,FALSE),"") -> PD BOG 26000078 | C74: 46156 | D74: 8002511655 | E74: CIA FERRETERA DE ANJEOS Y MALLAS LTDA | F74: 0 | G74: 1350300 | H74: 1350300 | I74: 256557 | J74: 0 | K74: 1606857
A75: CZ BOG 2600018 | B75: =+IFERROR(VLOOKUP(A75,pedidos!$A$1:$L$30,2,FALSE),"") | C75: 46036 | D75: 8002511655 | E75: CIA FERRETERA DE ANJEOS Y MALLAS LTDA | F75: 0 | G75: 3250000 | H75: 3250000 | I75: 617500 | J75: 0 | K75: 3867500
A76: CZ BOG 2600014 | B76: =+IFERROR(VLOOKUP(A76,pedidos!$A$1:$L$30,2,FALSE),"") | C76: 46036 | D76: 8002511655 | E76: CIA FERRETERA DE ANJEOS Y MALLAS LTDA | F76: 0 | G76: 3215000 | H76: 3215000 | I76: 610850 | J76: 0 | K76: 3825850
A77: CZ BOG 2600255 | B77: =+IFERROR(VLOOKUP(A77,pedidos!$A$1:$L$30,2,FALSE),"") -> PD BOG 26000079 | C77: 46158 | D77: 900603598 | E77: PRESTACION DE SERVICIOS FIBRAMOTRIZ S.A.S | F77: 0 | G77: 740000 | H77: 740000 | I77: 140600 | J77: 0 | K77: 880600
A78: CZ BOG 2600256 | B78: =+IFERROR(VLOOKUP(A78,pedidos!$A$1:$L$30,2,FALSE),"") -> PD BOG 26000080 | C78: 46161 | D78: 901924140 | E78: MEGA PROYECTOS SM SAS | F78: 0 | G78: 795000 | H78: 795000 | I78: 151050 | J78: 0 | K78: 946050
A79: CZ BOG 2600206 | B79: =+IFERROR(VLOOKUP(A79,pedidos!$A$1:$L$30,2,FALSE),"") | C79: 46141 | D79: 80181981 | E79: RAUL PAOLO ABRIL DAZA | F79: 0 | G79: 3200000 | H79: 3200000 | I79: 608000 | J79: 0 | K79: 3808000
A80: CZ BOG 2600017 | B80: =+IFERROR(VLOOKUP(A80,pedidos!$A$1:$L$30,2,FALSE),"") | C80: 46036 | D80: 8002511655 | E80: CIA FERRETERA DE ANJEOS Y MALLAS LTDA | F80: 0 | G80: 2950000 | H80: 2950000 | I80: 560500 | J80: 0 | K80: 3510500
A81: CZ BOG 2600191 | B81: =+IFERROR(VLOOKUP(A81,pedidos!$A$1:$L$30,2,FALSE),"") | C81: 46135 | D81: 79970667 | E81: LUIS ARIEL SANCHEZ MARTINEZ | F81: 0 | G81: 2117000 | H81: 2117000 | I81: 402230 | J81: 0 | K81: 2519230
A82: CZ BOG 2600281 | B82: =+IFERROR(VLOOKUP(A82,pedidos!$A$1:$L$30,2,FALSE),"") -> PD BOG 26000082 | C82: 46163 | D82: 8002511655 | E82: CIA FERRETERA DE ANJEOS Y MALLAS LTDA | F82: 0 | G82: 251000 | H82: 251000 | I82: 47690 | J82: 0 | K82: 298690
A83: CZ BOG 2600231 | B83: =+IFERROR(VLOOKUP(A83,pedidos!$A$1:$L$30,2,FALSE),"") | C83: 46149 | D83: 80912144 | E83: SANCHEZ RUSSI CESAR | F83: 0 | G83: 1793670 | H83: 1793670 | I83: 340797.3 | J83: 0 | K83: 2134467.3
... A92: CZ BOG 2600262 | B92: =+IFERROR(VLOOKUP(A92,pedidos!$A$1:$L$30,2,FALSE),"") | C92: 46162 | D92: 860034174 | E92: INDUSTRIA NACIONAL DE TROQUELADOS LIMITADA INDETRO | F92: 0 | G92: 210000 | H92: 210000 | I92: 39900 | J92: 0 | K92: 249900

Sheet pedidos
A1: cot_no | B1: doc | C1: fecha | D1: id_cliente | E1: cliente | F1: Venta Bruta | G1: dcto | H1: venta_neta | I1: iva | J1: otros_imp | K1: total | L1: asesor
A2: CZ BOG 2600006 | B2: PD BOG 26000004 | C2: 46035 | D2: 8002511655 | E2: CIA FERRETERA DE ANJEOS Y MALLAS LTDA | F2: 3250000 | G2: 0 | H2: 3250000 | I2: 617500 | J2: 0 | K2: 3867500 | L2: JUAN VICENTE PAEZ OSPINA
A3: CZ BOG 2600015 | B3: PD BOG 26000007 | C3: 46041 | D3: 98400339 | E3: IVAN ALEXANDER LOZANO ORDOÑEZ | F3: 51102000 | G3: 0 | H3: 51102000 | I3: 9709380 | J3: 0 | K3: 60811380 | L3: JUAN VICENTE PAEZ OSPINA
A4: CZ BOG 2600020 | B4: PD BOG 26000009 | C4: 46046 | D4: 1061801203 | E4: ADRIAN EDUARDO ESCOBEDO FERNANDEZ | F4: 2445600 | G4: 0 | H4: 2445600 | I4: 464664 | J4: 0 | K4: 2910264 | L4: JUAN VICENTE PAEZ OSPINA
A5: CZ BOG 2600025 | B5: PD BOG 26000012 | C5: 46050 | D5: 80734207 | E5: EDGAR JACINTO PEREZ MESA | F5: 50000 | G5: 0 | H5: 50000 | I5: 9500 | J5: 0 | K5: 59500 | L5: JUAN VICENTE PAEZ OSPINA
A6: CZ BOG 2600026 | B6: PD BOG 26000013 | C6: 46050 | D6: 901227424 | E6: JA INGENIERIA & SOLUCIONES INDUSTRIALES S.A.S | F6: 150000 | G6: 0 | H6: 150000 | I6: 28500 | J6: 0 | K6: 178500 | L6: JUAN VICENTE PAEZ OSPINA
A7: CZ BOG 2600030 | B7: PD BOG 26000016 | C7: 46057 | D7: 900024921 | E7: PROYECTOS E INGENIERIA DE LA SABANA PROINSA SAS | F7: 600000 | G7: 0 | H7: 600000 | I7: 114000 | J7: 0 | K7: 714000 | L7: JUAN VICENTE PAEZ OSPINA
A8: CZ BOG 2600033 | B8: PD BOG 26000019 | C8: 46059 | D8: 901229729 | E8: SERVINDUSTRIAL LOZANO & CIA SAS | F8: 230000 | G8: 0 | H8: 230000 | I8: 43700 | J8: 0 | K8: 273700 | L8: JUAN VICENTE PAEZ OSPINA
A9: CZ BOG 2600052 | B9: PD BOG 26000021 | C9: 46060 | D9: 1061801203 | E9: ADRIAN EDUARDO ESCOBEDO FERNANDEZ | F9: 305700 | G9: 0 | H9: 305700 | I9: 58083 | J9: 0 | K9: 363783 | L9: JUAN VICENTE PAEZ OSPINA
A10: CZ BOG 2600058 | B10: PD BOG 26000024 | C10: 46066 | D10: 900024921 | E10: PROYECTOS E INGENIERIA DE LA SABANA PROINSA SAS | F10: 148000 | G10: 0 | H10: 148000 | I10: 28120 | J10: 0 | K10: 176120 | L10: JUAN VICENTE PAEZ OSPINA
A11: CZ BOG 2600064 | B11: PD BOG 26000025 | C11: 46069 | D11: 1015472285 | E11: LUIS FERNANDO DIAZ QUIROGA | F11: 229250 | G11: 0 | H11: 229250 | I11: 43557.5 | J11: 0 | K11: 272807.5 | L11: JUAN VICENTE PAEZ OSPINA
A12: CZ BOG 2600069 | B12: PD BOG 26000028 | C12: 46073 | D12: 860034174 | E12: INDUSTRIA NACIONAL DE TROQUELADOS LIMITADA INDETRO | F12: 262500 | G12: 0 | H12: 262500 | I12: 49875 | J12: 0 | K12: 312375 | L12: JUAN VICENTE PAEZ OSPINA
A13: CZ BOG 2600073 | B13: PD BOG 26000032 | C13: 46077 | D13: 8002511655 | E13: CIA FERRETERA DE ANJEOS Y MALLAS LTDA | F13: 8987500 | G13: 0 | H13: 8987500 | I13: 1707625 | J13: 0 | K13: 10695125 | L13: JUAN VICENTE PAEZ OSPINA
... A30: CZ BOG 2600281 | B30: PD BOG 26000082 | C30: 46164 | D30: 8002511655 | E30: CIA FERRETERA DE ANJEOS Y MALLAS LTDA | F30: 251000 | G30: 0 | H30: 251000 | I30: 47690 | J30: 0 | K30: 298690 | L30: JUAN VICENTE PAEZ OSPINA
